id,main_purpose_id,name,name_en
4d8b9b1f-e597-433a-b501-0ab85eea4f5f,a29d45d3-bb14-4ffc-85af-3e555d6bcc04,カメラ,""
440fda72-8776-442b-a145-5237f6e30b9a,3879cb09-2d6b-4911-9a09-9493c71e82cd,自転車,""
1b828614-566d-486a-aef4-fc81033f137c,0b560b0f-ffb4-4461-b20d-2343fee0a902,スキー/ボード本体,""
32bfaa9b-a479-4ac6-b757-4f39dd44e7dc,ed4f9dc5-e611-4e67-ad0d-8bb1afc70d77,トレッキングシューズ,""
1f55c357-0d4e-49cd-ab74-83e69d80b23f,7431b624-26e2-46c1-a83e-e8a38ff7f62a,SUP/カヤック本体,""
09f2dcfa-edfb-41f8-9062-74606cc13124,4361fcae-51ce-45ce-9d30-41f9e9cc2261,カメラ,""
64b11958-4f4d-4275-840e-dc139a0540f1,4476928c-9d29-4d12-a4a3-9035e5b6a9fc,軍手,""
77a7c89c-3b67-4003-bad6-984726abe926,5809422b-2d99-4769-abd8-3b3c08c46ce0,双眼鏡/望遠鏡,""
47d62969-67ee-48a5-9e7b-0e2f593b2655,cb09f05c-16e1-44ec-823b-e577f06694e2,カメラ,""
dc2acd98-9e4a-4a1a-8951-de88076f437f,affc9228-2e03-4b1f-a09f-714eabe2f731,水着,""
e767e0a8-9e4e-4d93-b662-5162e97dfe04,bc7cbd8f-8b31-4009-8c22-fc80d1af76de,熊手,""
f6d51d55-0731-4dc8-b601-4e5acf4e5fe5,b2a92ab3-46c3-4a3d-a0d0-c50bc620764e,レジャーシート,""
b0232349-60c4-4b69-bacf-58e7dda89147,9276713e-036f-4f49-ba91-6683a76dcbe9,カメラ,""
0a7fed42-6f3d-4c43-a800-b61501ad1a3a,54b3d61b-e44b-4bbe-8984-5827934d864a,双眼鏡,""
b76b53ff-2cc0-4e43-b7a5-bfc80c757e97,0f03e133-d17e-4fb4-b5f6-3c51ba62f53e,釣り竿,""
420cba25-fcfb-4a24-8433-d8145eab4001,f78c9d49-9498-4834-982d-6bf49834ff0a,カメラ,""
44ac8b75-5ab7-4beb-8109-c3c2b396be87,54b3d61b-e44b-4bbe-8984-5827934d864a,野鳥図鑑,""
9f660d8c-ab70-4434-bb7f-01be7a3a86bf,affc9228-2e03-4b1f-a09f-714eabe2f731,シュノーケルセット,""
f406f3db-9eab-43a1-bc1a-f717edc48445,cb09f05c-16e1-44ec-823b-e577f06694e2,三脚,""
8bc9930d-2878-4b0b-b575-f7639300b65e,0f03e133-d17e-4fb4-b5f6-3c51ba62f53e,リール,""
b368bdd8-75c8-4c6e-99fc-81d6d438c87f,5809422b-2d99-4769-abd8-3b3c08c46ce0,星座早見盤,""
2c0e1fdd-731a-4271-abb6-700e1326e925,a29d45d3-bb14-4ffc-85af-3e555d6bcc04,三脚,""
7307948c-2409-4ae5-9051-8f0d946df740,ed4f9dc5-e611-4e67-ad0d-8bb1afc70d77,リュック,""
9bdc86bb-6b03-47df-9290-4ee08e9b1246,3879cb09-2d6b-4911-9a09-9493c71e82cd,ヘルメット,""
937400f2-53e7-469d-8500-44b4cf0688c2,7431b624-26e2-46c1-a83e-e8a38ff7f62a,パドル,""
650969a4-55b9-41c9-83db-9b32af6331e6,9276713e-036f-4f49-ba91-6683a76dcbe9,歩きやすい靴,""
733f13d4-b652-4fca-8c05-e3d184f4b50b,4361fcae-51ce-45ce-9d30-41f9e9cc2261,ガイドブック,""
22c1e246-102b-4fec-83cb-1374a5268fc8,0b560b0f-ffb4-4461-b20d-2343fee0a902,ブーツ,""
f9523a3c-2146-4e14-9657-d5f3f5a6c946,f78c9d49-9498-4834-982d-6bf49834ff0a,望遠レンズ,""
dd34f9c0-97bb-48e9-a628-0a7a9aba3a89,b2a92ab3-46c3-4a3d-a0d0-c50bc620764e,お弁当・飲み物,""
fc62c48f-ead1-4e93-b4ad-1259a728c334,bc7cbd8f-8b31-4009-8c22-fc80d1af76de,バケツ,""
1fce6775-1a9a-4945-b7bc-38833817f235,4476928c-9d29-4d12-a4a3-9035e5b6a9fc,カゴ・容器,""
cf7121b3-0145-4044-9504-ff7a2c997d6b,54b3d61b-e44b-4bbe-8984-5827934d864a,メモ帳・筆記具,""
970a34df-fb0a-4301-b87b-07ebd5949785,ed4f9dc5-e611-4e67-ad0d-8bb1afc70d77,雨具,""
6968495d-c1e5-4b65-ab4a-eae28f52c938,a29d45d3-bb14-4ffc-85af-3e555d6bcc04,レリーズ,""
c1918294-13f8-4a4e-874a-ea9702ab8d81,4361fcae-51ce-45ce-9d30-41f9e9cc2261,歩きやすい靴,""
b762303e-5469-4dea-b2ae-b77c3e0c3af4,4476928c-9d29-4d12-a4a3-9035e5b6a9fc,ウェットティッシュ,""
aad8328e-afb6-4314-8a23-591eb52b4c17,5809422b-2d99-4769-abd8-3b3c08c46ce0,赤色ライト,""
69405009-1cb3-4bf1-a88b-97bc4ba66d78,0f03e133-d17e-4fb4-b5f6-3c51ba62f53e,釣り餌・ルアー,""
58d64ea8-8b3d-4478-98ba-fd6ddf900a4d,cb09f05c-16e1-44ec-823b-e577f06694e2,NDフィルター,""
2819ac8e-21a1-4602-b84d-05e03d8079b3,affc9228-2e03-4b1f-a09f-714eabe2f731,マリンシューズ,""
a940e497-56e4-43c0-a3d8-22ceed95f051,bc7cbd8f-8b31-4009-8c22-fc80d1af76de,軍手,""
63289ce1-0a04-4b1a-ad51-8898c003d08f,b2a92ab3-46c3-4a3d-a0d0-c50bc620764e,ゴミ袋,""
f8a6bc1a-f25e-4fff-8b37-c6595f9b0635,9276713e-036f-4f49-ba91-6683a76dcbe9,防寒着,""
0cc38f42-efa7-45a5-bbe9-067239376ebe,7431b624-26e2-46c1-a83e-e8a38ff7f62a,ライフジャケット,""
cb1330dc-8390-48a0-96cf-d508aa99ea7d,f78c9d49-9498-4834-982d-6bf49834ff0a,三脚,""
79ce95e2-6254-48e0-9c98-c546c84818ec,3879cb09-2d6b-4911-9a09-9493c71e82cd,グローブ,""
48d5c1f4-af68-4c87-a958-feb2cd7247e4,0b560b0f-ffb4-4461-b20d-2343fee0a902,ウェア上下,""
31c21d22-42ee-43f8-b159-9f21fe2c00b9,affc9228-2e03-4b1f-a09f-714eabe2f731,日焼け止め,""
8337f80f-0f81-40fe-98bc-3a3208454b42,f78c9d49-9498-4834-982d-6bf49834ff0a,時刻表,""
affe6c7a-df11-4a67-b372-aaf612bf57d0,bc7cbd8f-8b31-4009-8c22-fc80d1af76de,長靴,""
6c1cb9c6-9349-468d-9563-1cecfae2a324,54b3d61b-e44b-4bbe-8984-5827934d864a,カメラ（望遠レンズ）,""
2ec5959a-4b5d-4c2a-a05e-71e45599e253,b2a92ab3-46c3-4a3d-a0d0-c50bc620764e,ウェットティッシュ,""
45c8a31b-68f4-4ff0-b86b-aa1044729deb,4361fcae-51ce-45ce-9d30-41f9e9cc2261,日焼け止め,""
d945a751-7454-4eb6-85fa-8cc79f53eba2,9276713e-036f-4f49-ba91-6683a76dcbe9,雨具,""
7d05a7f2-1413-4c1e-b33c-662d7b6ab759,ed4f9dc5-e611-4e67-ad0d-8bb1afc70d77,地図・コンパス,""
1d65536c-ccd7-4516-aa95-80922a82c5f5,7431b624-26e2-46c1-a83e-e8a38ff7f62a,リーシュコード,""
1e1cef66-f3c0-4dc3-806e-56625e698a8c,0b560b0f-ffb4-4461-b20d-2343fee0a902,ゴーグル,""
c40e2601-bccb-4d02-aed5-2062b64fec57,5809422b-2d99-4769-abd8-3b3c08c46ce0,レジャーシート,""
00d52816-ee0c-4a96-ab20-7313001f3fca,a29d45d3-bb14-4ffc-85af-3e555d6bcc04,予備バッテリー,""
c53b736b-6b86-4eab-9887-0ac33b91d815,cb09f05c-16e1-44ec-823b-e577f06694e2,予備バッテリー,""
17c00db7-5607-4839-adc7-f05f9b8f707c,0f03e133-d17e-4fb4-b5f6-3c51ba62f53e,クーラーボックス,""
0f7492b9-ea0c-4605-b37d-a36b4a98a0a1,4476928c-9d29-4d12-a4a3-9035e5b6a9fc,クーラーボックス,""
d8b6f025-9346-4719-9773-0a74ff63bfbd,3879cb09-2d6b-4911-9a09-9493c71e82cd,空気入れ,""
9a47b601-dcec-4fa9-9012-33f58fe5f181,9276713e-036f-4f49-ba91-6683a76dcbe9,地図,""
3c37746a-e9a6-40f3-8dec-dcab279ba2a1,affc9228-2e03-4b1f-a09f-714eabe2f731,ビーチタオル,""
eaec1e65-5060-4e50-8b04-440c0ff7126d,0f03e133-d17e-4fb4-b5f6-3c51ba62f53e,ライフジャケット,""
6ca9fcd5-0a1f-4dc8-8abb-d42f10eb6c6b,a29d45d3-bb14-4ffc-85af-3e555d6bcc04,レンズクリーナー,""
9e4ce766-24e4-44e9-8760-4f6f6375a5e2,3879cb09-2d6b-4911-9a09-9493c71e82cd,パンク修理キット,""
f6e4df97-511b-4a3e-aed5-7aace82dbab1,5809422b-2d99-4769-abd8-3b3c08c46ce0,防寒着,""
db1e7500-8790-4088-8fc7-558a3444d319,bc7cbd8f-8b31-4009-8c22-fc80d1af76de,クーラーボックス,""
432b457b-67b9-4dfc-8cd8-72ac36b24246,f78c9d49-9498-4834-982d-6bf49834ff0a,予備バッテリー,""
5282a557-cf1a-4d9b-aa79-38cb4f7a0bff,4361fcae-51ce-45ce-9d30-41f9e9cc2261,帽子,""
f3c8567b-31e0-4d07-84d8-533c30f33efc,cb09f05c-16e1-44ec-823b-e577f06694e2,防寒着,""
1c45e0f6-d3ed-46d0-a947-e9b81b334b4e,7431b624-26e2-46c1-a83e-e8a38ff7f62a,防水バッグ,""
ba108665-d4ed-4cf2-9ed5-8d69549fb4d2,b2a92ab3-46c3-4a3d-a0d0-c50bc620764e,防寒着,""
dad2225d-3ce2-4121-9e44-877938c923d9,4476928c-9d29-4d12-a4a3-9035e5b6a9fc,エプロン,""
9974ff5c-1abd-41a7-a641-df717141353c,54b3d61b-e44b-4bbe-8984-5827934d864a,迷彩服・帽子,""
74216b57-c74d-4b48-9edd-9c29e0a01000,ed4f9dc5-e611-4e67-ad0d-8bb1afc70d77,行動食,""
df53e599-3a4a-4250-8209-928160effd8d,0b560b0f-ffb4-4461-b20d-2343fee0a902,グローブ,""
